Nome;Valor;Unidade;Procedimento;Origem;Suborigem;Consultora;Status;Motivo_Perda
Juliana Alcantara;12500;Matriz Jardins;Harmonização Facial;Instagram;Stories;Mariana;Ganhos;
Rodrigo Santoro;8200;Filial Alphaville;Implante Dentário;Google Ads;Search Campanha A;Fernanda;Ganhos;
Beatriz Mendonca;4500;Matriz Jardins;Botox Full Face;Indicacao;Amigo/Parente;Mariana;Ganhos;
Lucas Nogueira;18000;Filial Barra;Lifting Facial;Facebook Ads;Carrossel Feed;Camila;Ganhos;
Priscila Rocha;3200;Filial Alphaville;Preenchimento Labial;Instagram;Reels;Fernanda;Em Atendimento;
Gabriel Vasconcelos;9500;Matriz Jardins;Lentes de Resina;Google Ads;Campanha Dental;Mariana;Em Atendimento;
Fernanda Lima;6400;Filial Barra;Bioestimulador de Colageno;Tiktok;Video Viral;Camila;Negociacao;
Marcelo Dias;15000;Matriz Jardins;Rinomodelação;Instagram;Direct;Mariana;Perdido;Achou preco alto
Carla Silveira;2800;Filial Alphaville;Clareamento a Laser;Google Ads;Search Dental;Fernanda;Perdido;Sem interesse no momento
Thiago Martins;22000;Matriz Jardins;Protocolo Completo Anti-Age;Indicacao;Cliente Vip;Mariana;Ganhos;
Larissa Pires;7800;Filial Barra;Harmonização Glutea;Instagram;Parceria Influencer;Camila;Em Atendimento;
Andreia Fonseca;5100;Filial Alphaville;Toxina Botulinica;Google Ads;Google Maps;Fernanda;Ganhos;
